{"OutputFileHashSum":"3A284F6F843DAC46263E7BC8D4ADE7542E88ACCC5779EA18C84EBDB135B1141D","Converted":true,"OutputModifyDate":"2020-07-28T02:51:02.4796334Z","Metadatas":[{"CategoryName":"VuGen.Replay","Offset":246,"Length":23,"TypeId":1},{"CategoryName":"VuGen.Replay","Offset":269,"Length":40,"TypeId":2},{"CategoryName":"VuGen.Replay","Offset":586,"Length":98,"TypeId":2},{"CategoryName":"VuGen.Replay","Offset":684,"Length":38,"TypeId":2},{"CategoryName":"VuGen.Replay","Offset":1731,"Length":116,"TypeId":2},{"CategoryName":"VuGen.Replay","Offset":1959,"Length":39,"TypeId":2},{"CategoryName":"VuGen.Replay","Offset":2227,"Length":97,"TypeId":2},{"CategoryName":"VuGen.Replay","Offset":2324,"Length":21,"TypeId":1}],"MetadataTypes":[{"CategoryName":"VuGen.Replay","MetadataTypeName":"HP.LR.Vugen.Iteration","Id":1},{"CategoryName":"VuGen.Replay","MetadataTypeName":"HP.LR.Vugen.NotifyTransaction","Id":2}]}